group,avg_reward
High Priority,-2.625252525252525
Low Priority,0.33615960099750625
