Algorithm,Avg Reward,Waiting Time,Resource Utilization,Convergence Episode,Efficiency
Tabular Q-Learning,-528.2133333333333,54.534000000000006,90.54613333333332,107,100.0
Linear Q-Learning,-1191.95,54.534000000000006,84.64200000000001,76,93.47941969912947
DQN,-415.65,54.534000000000006,75.25,166,83.10680669596053
DDQN,-475.15,54.534000000000006,79.33399999999997,77,87.61721465006418
