avg_reward,avg_waiting_time,avg_resource_util
-505.53333333333336,54.534000000000006,90.31333333333333
