group,avg_reward
High Priority,-2.6858585858585857
Low Priority,0.08054862842892768
