group,avg_reward,fairness_gap,relative_gap
High Priority,3.68213228035538,4.169716930468247,8.551763017437114
Low Priority,-0.48758465011286684,4.169716930468247,8.551763017437114
