group,avg_reward
High Priority,6.7727272727272725
Low Priority,6.556733167082294
